{
	"speed": 2.3,
	"stage": "limo",
	"player1": "bf",
	"player2": "dad",
	"player3": null,
	"events": [],
	"notes": [
		{
			"gfSection": false,
			"altAnim": false,
			"sectionNotes": [
				[0, 4, 0],
				[260.869565217391, 7, 0],
				[434.782608695652, 4, 0],
				[695.652173913043, 4, 0],
				[782.608695652174, 6, 0],
				[956.521739130435, 7, 0],
				[1043.47826086957, 6, 0],
				[1217.39130434783, 5, 0],
				[1304.34782608696, 6, 0],
				[1478.26086956522, 5, 0],
				[1565.21739130435, 4, 0],
				[1739.13043478261, 5, 0],
				[1826.08695652174, 7, 0],
				[2000, 6, 0]
			],
			"bpm": 150,
			"sectionBeats": 4,
			"changeBPM": false,
			"mustHitSection": false
		},
		{
			"gfSection": false,
			"altAnim": false,
			"sectionNotes": [
				[2086.95652173913, 0, 0],
				[2347.82608695652, 3, 0],
				[2521.73913043478, 0, 0],
				[2782.60869565217, 0, 0],
				[2869.5652173913, 2, 0],
				[3043.47826086957, 3, 0],
				[3130.4347826087, 2, 0],
				[3304.34782608696, 1, 0],
				[3391.30434782609, 2, 0],
				[3565.21739130435, 1, 0],
				[3652.17391304348, 0, 0],
				[3826.08695652174, 1, 0],
				[3913.04347826087, 3, 0],
				[4086.95652173913, 2, 0]
			],
			"bpm": 150,
			"sectionBeats": 4,
			"changeBPM": false,
			"mustHitSection": true
		},
		{
			"gfSection": false,
			"altAnim": false,
			"sectionNotes": [
				[4173.91304347826, 4, 0],
				[4173.91304347826, 3, 521.739130434783],
				[4434.78260869565, 7, 0],
				[4608.69565217391, 4, 0],
				[4869.5652173913, 4, 0],
				[4956.52173913043, 6, 0],
				[5130.4347826087, 7, 0],
				[5217.39130434783, 6, 0],
				[5391.30434782609, 5, 0],
				[5478.26086956522, 6, 0],
				[5652.17391304348, 5, 0],
				[5739.13043478261, 4, 0],
				[5913.04347826087, 5, 0],
				[6000, 7, 0],
				[6173.91304347826, 6, 0]
			],
			"bpm": 150,
			"sectionBeats": 4,
			"changeBPM": false,
			"mustHitSection": false
		},
		{
			"gfSection": false,
			"altAnim": false,
			"sectionNotes": [
				[6260.86956521739, 0, 0],
				[6260.86956521739, 4, 521.739130434783],
				[6521.73913043478, 3, 0],
				[6695.65217391304, 0, 0],
				[6782.60869565217, 6, 521.739130434783],
				[6956.52173913043, 0, 0],
				[7043.47826086957, 2, 0],
				[7217.39130434783, 3, 0],
				[7304.34782608696, 2, 0],
				[7304.34782608696, 7, 1043.47826086957],
				[7478.26086956522, 1, 0],
				[7565.21739130435, 2, 0],
				[7739.13043478261, 1, 0],
				[7826.08695652174, 0, 0],
				[8000, 1, 0],
				[8086.95652173913, 3, 0],
				[8260.86956521739, 2, 0]
			],
			"bpm": 150,
			"sectionBeats": 4,
			"changeBPM": false,
			"mustHitSection": true
		},
		{
			"gfSection": false,
			"altAnim": false,
			"sectionNotes": [
				[8347.82608695652, 5, 0],
				[8347.82608695652, 3, 782.608695652174],
				[8782.60869565217, 5, 0],
				[8869.5652173913, 6, 0],
				[9043.47826086957, 5, 0],
				[9130.4347826087, 4, 0],
				[9304.34782608696, 5, 260.869565217391],
				[9695.65217391304, 6, 260.869565217391],
				[9956.52173913044, 7, 260.869565217391],
				[9956.52173913044, 2, 521.739130434783],
				[10217.3913043478, 4, 195.652173913043]
			],
			"bpm": 150,
			"sectionBeats": 4,
			"changeBPM": false,
			"mustHitSection": false
		},
		{
			"gfSection": false,
			"altAnim": false,
			"sectionNotes": [
				[10434.7826086957, 0, 521.739130434783],
				[10434.7826086957, 6, 0],
				[10608.6956521739, 7, 0],
				[10695.652173913, 6, 0],
				[10869.5652173913, 4, 0],
				[11130.4347826087, 5, 0],
				[11217.3913043478, 1, 521.739130434783],
				[11391.3043478261, 7, 260.869565217391],
				[11652.1739130435, 6, 0],
				[11739.1304347826, 5, 0],
				[11913.0434782609, 4, 0],
				[12000, 3, 521.739130434783],
				[12000, 6, 260.869565217391],
				[12260.8695652174, 5, 260.869565217391]
			],
			"bpm": 150,
			"sectionBeats": 4,
			"changeBPM": false,
			"mustHitSection": false
		},
		{
			"gfSection": false,
			"altAnim": false,
			"sectionNotes": [
				[12521.7391304348, 1, 0],
				[12521.7391304348, 7, 782.608695652174],
				[12956.5217391304, 1, 0],
				[13043.4782608696, 2, 0],
				[13217.3913043478, 1, 0],
				[13304.347826087, 0, 0],
				[13478.2608695652, 1, 260.869565217391],
				[13869.5652173913, 2, 260.869565217391],
				[14130.4347826087, 3, 260.869565217391],
				[14391.3043478261, 0, 195.652173913043]
			],
			"bpm": 150,
			"sectionBeats": 4,
			"changeBPM": false,
			"mustHitSection": true
		},
		{
			"gfSection": false,
			"altAnim": false,
			"sectionNotes": [
				[14608.6956521739, 2, 0],
				[14782.6086956522, 3, 0],
				[14869.5652173913, 2, 0],
				[15043.4782608696, 0, 0],
				[15304.347826087, 1, 0],
				[15565.2173913043, 3, 260.869565217391],
				[15826.0869565217, 2, 0],
				[15913.0434782609, 1, 0],
				[16086.9565217391, 0, 0],
				[16173.9130434783, 2, 260.869565217391],
				[16434.7826086957, 1, 260.869565217391]
			],
			"bpm": 150,
			"sectionBeats": 4,
			"changeBPM": false,
			"mustHitSection": true
		},
		{
			"gfSection": false,
			"altAnim": false,
			"sectionNotes": [],
			"bpm": 150,
			"sectionBeats": 4,
			"changeBPM": false,
			"mustHitSection": true
		},
		{
			"gfSection": false,
			"altAnim": false,
			"sectionNotes": [],
			"bpm": 150,
			"sectionBeats": 4,
			"changeBPM": false,
			"mustHitSection": true
		},
		{
			"gfSection": false,
			"altAnim": false,
			"sectionNotes": [],
			"bpm": 150,
			"sectionBeats": 4,
			"changeBPM": false,
			"mustHitSection": true
		},
		{
			"gfSection": false,
			"altAnim": false,
			"sectionNotes": [],
			"bpm": 150,
			"sectionBeats": 4,
			"changeBPM": false,
			"mustHitSection": true
		},
		{
			"gfSection": false,
			"altAnim": false,
			"sectionNotes": [],
			"bpm": 150,
			"sectionBeats": 4,
			"changeBPM": false,
			"mustHitSection": true
		},
		{
			"gfSection": false,
			"altAnim": false,
			"sectionNotes": [],
			"bpm": 150,
			"sectionBeats": 4,
			"changeBPM": false,
			"mustHitSection": true
		},
		{
			"gfSection": false,
			"altAnim": false,
			"sectionNotes": [],
			"bpm": 150,
			"sectionBeats": 4,
			"changeBPM": false,
			"mustHitSection": true
		},
		{
			"gfSection": false,
			"altAnim": false,
			"sectionNotes": [],
			"bpm": 150,
			"sectionBeats": 4,
			"changeBPM": false,
			"mustHitSection": true
		},
		{
			"gfSection": false,
			"altAnim": false,
			"sectionNotes": [],
			"bpm": 150,
			"sectionBeats": 4,
			"changeBPM": false,
			"mustHitSection": true
		},
		{
			"gfSection": false,
			"altAnim": false,
			"sectionNotes": [],
			"bpm": 150,
			"sectionBeats": 4,
			"changeBPM": false,
			"mustHitSection": true
		},
		{
			"gfSection": false,
			"altAnim": false,
			"sectionNotes": [],
			"bpm": 150,
			"sectionBeats": 4,
			"changeBPM": false,
			"mustHitSection": true
		},
		{
			"gfSection": false,
			"altAnim": false,
			"sectionNotes": [],
			"bpm": 150,
			"sectionBeats": 4,
			"changeBPM": false,
			"mustHitSection": true
		},
		{
			"gfSection": false,
			"altAnim": false,
			"sectionNotes": [],
			"bpm": 150,
			"sectionBeats": 4,
			"changeBPM": false,
			"mustHitSection": true
		},
		{
			"gfSection": false,
			"altAnim": false,
			"sectionNotes": [],
			"bpm": 150,
			"sectionBeats": 4,
			"changeBPM": false,
			"mustHitSection": true
		},
		{
			"gfSection": false,
			"altAnim": false,
			"sectionNotes": [],
			"bpm": 150,
			"sectionBeats": 4,
			"changeBPM": false,
			"mustHitSection": true
		},
		{
			"gfSection": false,
			"altAnim": false,
			"sectionNotes": [],
			"bpm": 150,
			"sectionBeats": 4,
			"changeBPM": false,
			"mustHitSection": true
		},
		{
			"gfSection": false,
			"altAnim": false,
			"sectionNotes": [],
			"bpm": 150,
			"sectionBeats": 4,
			"changeBPM": false,
			"mustHitSection": true
		},
		{
			"gfSection": false,
			"altAnim": false,
			"sectionNotes": [],
			"bpm": 150,
			"sectionBeats": 4,
			"changeBPM": false,
			"mustHitSection": true
		},
		{
			"gfSection": false,
			"altAnim": false,
			"sectionNotes": [],
			"bpm": 150,
			"sectionBeats": 4,
			"changeBPM": false,